# MySQL-Front 3.2  (Build 8.0)

/*!40101 SET @OLD_CHARACTER_SET_CLIENT=@@CHARACTER_SET_CLIENT */;
/*!40101 SET @OLD_CHARACTER_SET_RESULTS=@@CHARACTER_SET_RESULTS */;
/*!40101 SET @OLD_COLLATION_CONNECTION=@@COLLATION_CONNECTION */;
/*!40101 SET NAMES latin1 */;

# Host: localhost    Database: echonest
# ------------------------------------------------------
# Server version 5.0.15-nt

CREATE DATABASE `echonest` /*!40100 DEFAULT CHARACTER SET latin1 */;
USE `echonest`;

#
# Table structure for table albuminfo
#

CREATE TABLE `albuminfo` (
  `albumid` varchar(25) NOT NULL default '',
  `albumname` varchar(25) default NULL,
  `trackid` varchar(25) default NULL,
  PRIMARY KEY  (`albumid`)
) ENGINE=InnoDB DEFAULT CHARSET=latin1;

#
# Dumping data for table albuminfo
#



#
# Table structure for table artistinfo
#

CREATE TABLE `artistinfo` (
  `artistid` varchar(100) NOT NULL,
  `artistname` varchar(100) default NULL,
  PRIMARY KEY  (`artistid`)
) ENGINE=InnoDB DEFAULT CHARSET=latin1;

#
# Dumping data for table artistinfo
#

INSERT INTO `artistinfo` VALUES ('AR1DLF21187FB3CBF0','4HIM');
INSERT INTO `artistinfo` VALUES ('AR23C041187FB4D534','50 Cent');
INSERT INTO `artistinfo` VALUES ('ARBEOHF1187B9B044D','Madonna');
INSERT INTO `artistinfo` VALUES ('ARCHO5Y1187FB5001F','Dr. Alban');
INSERT INTO `artistinfo` VALUES ('ARUT64P1187FB407CC','Salim-Sulaiman');
INSERT INTO `artistinfo` VALUES ('ARV3CRH1187B9A1B21','Green Day');
INSERT INTO `artistinfo` VALUES ('ARYWAWN11A348EF973','Hamsika Iyer');
INSERT INTO `artistinfo` VALUES ('asasadas','Boys');
INSERT INTO `artistinfo` VALUES ('asdassdvsd','Linkin Park');


#
# Table structure for table codestringinfo
#

CREATE TABLE `codestringinfo` (
  `codestring` blob NOT NULL,
  `track_id` varchar(100) default NULL,
  `crc` bigint(20) default NULL,
  `username` varchar(50) default NULL,
  PRIMARY KEY  (`codestring`(10))
) ENGINE=InnoDB DEFAULT CHARSET=latin1;

#
# Dumping data for table codestringinfo
#

INSERT INTO `codestringinfo` VALUES ('eJw1lIl1JSEMBFPiFgoHEOQfgqvn7_rZbdBIrZvUbkmpvZVSTxfIOtUJtCQ4wODYTeAo9_WBVLZUjsxCZhflgQjQqaAyqk7iGkNX09cpEMs4-hA6hfQUy3j6-iC1jMyKTg0969iZYjHDi7lOGws7ApmJOM2MxSzYTjmfDensxDfleJpgChyWuWCZW6BYpiKYD_CcBFC5InBRuarhovIhMMGUsvjcBQtSD6j8AivxdYlK6QJQrYrZajp1-NYQiGpNgVjWgWWF4MGiMqedYdhFULHdIthdMAQGyxbBdoHas7dAVPsKRHWSIAsUi3IGdBLVEdUR1ZkCVegs-I6ozhEoqnN1epxCfCG-KIJKfNEEXaBpCJGGCabAYQ6RxtZJpKHxCZGGSK-m6Crfq3yvSK9G4IpUuQBQXUhLf7vv9dK6bjdGGbns1V852WdbtwzfzF5OZdGbkxMDvtZw5AxiWUy3r5b1P3fktXnusw9GmowQ8mPWPNXUWuuBP-qXc1nL7dSEn7XwR2z4Ia2WquMnd3wp4LG6IYTFl3eqbq3fwRC87ZGZ8XL3vVZ7NtpG3NQPtfzeTgjxY0-LhcXy9-Ap8-KnLNRWLagthyfbvod8bodfwlodzmy3zEMcNvubCGf1i7A6K3ZZBvdrb9aaCdX8FbunN_e8uezca28jKHTtFh0h-tFfb6U19LvurIr-uI_WcoumO_zYplaTXYsW3E9-_n7-klV7n78aI97BvsXr215tp1djcKZFRYg-tWDxJq1t09TfPN3ll9UemTYN-pvPUZuc_Kwi_PKLw6jHLz8jHvv8xyOepFExIvFWO3zkVzpCuhn98LY4O767kXIZfS1YeaOI85w4se3zo99_fv7XMb305ZVqrhKmtlkwriNyOZV-jtitqT_L9wj-q5-jjkSf1DSL-TXPbmcZMs9qf85s1MYIWeEJOMETneo6c1denJMuzyB1GkwM8VAn3oAgb-JlL6opHgz3pC4M8jrrwnt4A3a-F16EMWw7vHnV7vemls-Y1OOiapk3rNueLWPfcue7_BJHLuXnF_mcvj7eYG15sz9eShYI0Scua1-cqjfL98VJPwTYU7cxf3ERd8Rnj_9qPfVyiY_4yWNTasVPanfUSjzty-P86tJs71oLncoIU92rsYA63uuZfYSnbvjYR4TiW2Pl5j--MXuBj7kNCdFnbsf8A5M2z3Y=','SOWOEOK12A6701F41F',3207571974,'admin');
INSERT INTO `codestringinfo` VALUES ('eJw1lImx5CAMRFMChDnCQSDyD2FfM39rasC0rrZaJtUoKdVbU_rSYil6KsFijeVLWmRoOvbNMon4ljAX5sKOno7CAkNLVQvHlgeL8rUq7MO5dRK0IT_-qSlL2zKIS7tE9IyhFwzd8Okfhi7v3knVxaCLQd8k7UfOR2GBdaj4yOQbBWyYjhXn8cnadRxFi1ymME9a5KxUI6g7LoaZcZ6F2GlYJ6c0P6yzyTpkHXqaclkyKNXcejqkn6GwS7WV8VvisqqOIrSanpRqdSLWJHYpy3JZj6xqp3Imzxi8kNTVSa96kjLeZVUCFyGfMjixvinuUsZDLmrs5pc2xrT1Rlt67EbYVk_3EqbYrZCt4kfVzofhaATO0CLdjsugth_pdp6zaoTECyan7Lyv2S7HHCG3LWJi55Q9vB3LbsjNe96M_tmLhe_PrUQed93M7qNZ2HD2yNZ6lIhcWj3zDs_W5wTkXE-0yj4nYPEzJwfre90GXsq5gLnPMbxvKH3RSmHfFxBdHk_2Mu7fvhf88tv5Jtqu7BYzCXz8ajKGX_wotXN7vODD56OdJe8fD0p0g0ey9sW3T6onndln9putWjO0vbue0nLw_pf6c3RXnwrDmFOIAHz2NBGwsnqpUeGz10Q58fGyqPPrlzPq4nMG3eqi4BQZ6U74nKHWRPvjBwifxw_q2eCnvmRaSih90cUAb_RDzzLn65enyvQ2-oOeaMK3sMy8uC9AuxCLgOe4EHs8l93_PH96Pl3_6xkFPe1T__ga7z5qYi7JLmDJpUJ-5xijToG9L8A8454TA4qt--3SMX980U9H8f7pyPLb91iWno6QAnw67mEjHh_0CVuPD9M94s0XoM35f76ifdZz0dw9qesEt9KpWzp67kld-tfuLR078-WXPu3c31yh6x8v6coVJ17cjSlL3_gyd0BPlyuukrfphYLrOA6dTMyxuwMu5pj-Ft4AFQoRnnwhLSMCiE5cD1wLTELiO0u9mnRKdvIBZATSrVyERDXAMitRzEXE-gA1R6RT3zVH8Q-ygpFf','SOFIIHC1311AFE4BA8',1801464048,'admin');
INSERT INTO `codestringinfo` VALUES ('eJw1lQt2JSEIRLfUit_lIMr-lzC3Xs4kJ3Qs6RKhoL_26ve155hc39e_himfTGCqsCasCxtaTpklbMvFZY6wgKrfn3kYkXaRDvGNAjZsYJpMZ3eIb4hqbC1dy9BSLOPBPD-cp2KZFZdpuEwFNDsuk02MMEU1RTW3sK2l6z_FN482rpZPJtlZHwSLP4yWJqPQVm8yOK7Bu0s0a2lj6w2RLpGuI0zhLoW7nt4Q81YS5YvBbzdi2SLd4ttTRnx7CxPfFtUOGVFtBbnFt8XnH_95wdlF6orUxeejysDnInXxufj8_Iz8gsP9akOVduXUk-UhAd-pYMc-GTZOJ4Ij0iPSo2QdRXq2jE4_Yj5HuyI9qaWCDPGFgpQMvrCfwS9EGiINBRlKYIgqzs9wRoSwKz_xReJ3ufZ3C6RXQV7xXfHdpg2R3sFpd2pDfFdUV1T36rWnXSXxJuZVlk8sz7RsUD1YzOzayGK1RmS79Y1YB_TZ2eSnFk9KO-pDDueZzXMWIKmEHKa89Zx5eN-y-ftKxFoJ50KtvB7nOuBXz6wJSJX9xqGgVlY9RtusFqP0wVW8lC97P4DFm3FN9tfYX3KLOwHpSJvZw4rKe5NnjIeYA-YsRJznA2S9DtUuxlmAhtoS0IIbdqM0Nanr_ntSs_H-nmcW6ltLWr0w2_5mxJkI5jVA4QFo0YV_NSNLB-TMBKx3LQIJrQemVmd9lzVf7qy5Z3V-6939NDfmyRncc7fbX72FanVAWzZn7laNbrg30cd6cxldY4a3dDFaIIn6Wdu0W08keK3NVWZQOL-MHGZZX37aRJmtjOoWu3-A5p711-nl-YnN6KsMCy_-cF0F0nEWIKW-Ah914BZW2zyA1ldswFLmHYCW0Xr2ZdkzAas5BUs6Yq13EqLTkYgXxE0_LvQ1E9DezHUzUFzufFYIJvJN6jY8zaSDBCS16MCC_GcZnJ85aZRu58tEBuy_ACQ_WeZR99Yxo385qeNGQdOu6liCZ87CrJyAaIX5jD5Lp1VX41wmvpWyS0vAwmxq_dd4Y9xdEOtnfR9r18uvCCGtA8YPNIZBAlKvfIv3VC8Gbsn2v14M4q3UEWs26kXzoLddqL3GU4w226wMHwOszoXomtrcfUyGWN_VfUsPZaCfM9AD1Yv17gr690OLgO58lGLZ5evmGs0lVXR4qPPl3LvrWqVuNANPxU2g7bkNepv99dfQ3rx3bpJ5refs5cx9Gq0aNu4bly-ZMXom9Su70ZYZ_Aw-pMhXYB-lqL4-O-mlxe_b6mtSd6ZPexH0xi31JZOYiRftqHEdWQESP8pZ8aGwDmgDSedtZb-7G3JkaE8aiJT67fv9A1C_BXE=','SOJUBCV130516DFE70',1790044673,'admin');
INSERT INTO `codestringinfo` VALUES ('eJw1lguSJCEIRK9U_uU4Cnr_I8xLezdmgrYQrAQSrK-e_H31HMT172uJx5Ynouix6bFLjA8xO8KqhHa3dC7j0MbRxtHGXd_XE7s9s9F1VK_SNQmd13Ve13ldR_XFKV3n9Q2W7hI6tOvQrvOGzhs6bxR0o2EyOr5jSphMdMrQKWO_lUxcHjpvhNxCxgp6HHlcrS7G_Eu8FcYzVQmMZ9Yqa6X3zoLbrLJr8mhvJY_eJbQashvymFlCHqaVQOoJIbclY4GcLg-Xh0DOkJ1AziO7h-9iZ1-X0Er4TPhM-KxkCdxUHQQeJnzW5CF8plyZoNmQnaCZwJjJzuQhaLbkIWi2tdpyEz5zGYfcjuwEza5WV3bCt74qgcdKGK-cJbQqnwQeS_hWxWO1J2Tc5SZ8a8hD-JSgb9kTstM7l6CtJbstD0FbQrWEaoWOF7R1ZCdSL0HbQrWFaoveW9C2oG0RfQvarjKpMmlaCdUWT3eX8eCoLbJue0KPS7v7CZm4VqGjQrtqg311lNrKhcDJzOdisQuBi8qul3vRSghcCFwIXJ3iHXyuTnEhcBHd1S6uLPqSiRC42C72ILRS47iI7uoeF8ddMOJjFUIQaUpwaGQJIQi1aahNQ20fQqCTEDIeMplPyE48C2EJVSrUdCEqh_ot1G8h5xCMEJVD_RaiskqE0EpYjlh8xOJTnsBOuBFaicVHXaaiIvA-wnLUYGfWL8eNvslSqnvctgrAG0p-QU6flMr-yycxNvhYPv5qrnShU4wUllHmPuvodfJrC2WuxxYPuNBZXfroi4Gpfb2k-Nvn_7u_X5MS9T99Rc0vhDGUqcXMB6qv0whgl3vztkYB6r2-TtIjynJs8FgJ4a52c7lGXEdb93Tims7qGhBOkb3i3NPRvzgLrVgUp5Oji75RHZSJYryB-d1aRouPzJYgJblomNxUAoa1L9uud-RSrK8espiHFOzcICrK3IYNlHk2Bkvz1MtKveExGvOqlVsntS-MuxsoGfM5j1vzvPCeQdh8Fagt_4FSvYQ_h-cv45_BOSf5mTbL6LnkRs4h6jK3Ma18dTEnGvaeUKZeY9LjqbRmKIFYo_XK8qBoaRb2rfPbv9tzSjRxzALu2tssZKnNSHCA6MCtMGyewWQljEy8nmFWKyWZlHqvgzftzrklEW8PhgX5vZG0cPJ79f7JpRXEGXMlLylWIh6O8NFnSzRm3fBs9gE9cpq-kqFk4BWUaRFnm5537oaSNCwYV6kPE3zn1Orqp53ilXv61ecmlC-vKHn_L6-Z-Bd14RKbxE_RD6Ov5J2-O6BnKgvryC3xJbAT-bNKNuEDdW8p1QQfyN-NxmdBfAlatZq-Urh2CZkUuqdDXTqzjDQFPfXy6mO8G0Hsi0TLZPJKnI2WWeV4L1KWuBsl9QAPgzMaUYPnDiqKSfUdzrvJQEHJ0blaxR5W-KuHClb4jQk9sw3qQpzNaB-eRdH-SodoxjzLdT2-FRxzpnyT1qZ0pvIRXw9uqESvDO5A_PnSefHZkNLEu6Zf6vfVshlenANfz52vjifz7fHiQwnOF9_DycXwePPD-eMNbdHivYePFbUE9UNJL7z6oeeygS832DyTrXHRw-Hh7TLUd6E4iXO5DSH20gtQZkbu71zfECapb1FmekJ9m_msolFGsmab8ZKZLq135o_va9bgwd0oX__rQlv99T9syTa5bNM5G6VSMfYSTvKbmOnCiZJ5WoTfuHFRvnmivh_lN08Gd9kV18NuFjLz3YfnQSQjB_wz76F5UW8fKQNyoGRKrrser7nolXy-Qc82yGWJKcSNxEdHbZoImjJJn6KV3uuwetZEvZuhBKoxCip54cuReheIB4_R19uYZ4zNYSXo792lX5N5Flv8WyjBBf_Wb46J7_1Xr0SJXr24MxfKwswv7TB9KmklD4AxlOB1ENY0ir6PmBkE5XyS1BtEiiYxW4ZGJvi5S0hZJgRSTh41R-l65ZGO1SgAz6yntVdnlED41ZmhkYiH_meSgKtyOzNJ6Htm2lR_gKj6iwPl_7nx-oK5AU9fXxQ-OPjGhwRZM0olps98vb4or99-fRE18XlfCy3BwLA_us4g_Q==','SOLMLVI13D6ED9E7D4',3432163169,'admin');
INSERT INTO `codestringinfo` VALUES ('eJwdlomRRCEIRFP6Ih6EIx75hzCvp7aK-TbaYgu4n1_7Pn_r-9q3McVkNKyfjDDvmCZHu5g-MUPDoeGUd2ny0rLUcMu7Ne_IXHmvJmujzt_XtUc3fWmj7szrTaaztg85RN8nEXTR96WvlHfLIeZ-XUaOx9fQEYaYh5iHMW9UGdGPpikKZohwDA2nvkKTFf1Izdsain5InPHYfCrmWfQl5llNBqopXWZj3ynSOTVFMc-Afi55xTxTRrrMLa8Cn2KOj6-Q7KHAo2qocEPMIeboXUZexRxTDsUcQQSxZFJGusTRPOm8iPpbinkVHMs0lNirsXZ1mJd0XuJbinktl9FkCbG2huJbT1MeU1LhZvkbHCnSrPqSuqnLS5GmSDPk0JWljp_iSx0_RZo6fj5228T6bZFuqbulwZa6W5FuRbrFt6ewYMu95MhPRmvFvI-GYt5XXtEfk6kMj-vLoTqK9CjS0-E7CveI_oj-SIMj0iO-c7RCfEcaXGWYsuK7Ir3iu0rbO_4K3bunl1EtX2bJ2vZGu-p9n1FL2DyAX7Xuq3qFbEeYtbkFll2Cathlk8kUA_j4AMsEB7SBHCqSNeO0WXDZAqy3j8_XLNNfxBbeC2CpMahPL-3z28DNmwMitAdgTWsfoMW4m3QFX-2l2c32AZq_XOhWa496bxZyF3leqdMNkPP4LaqN6B511u1ltbDS5iuAdZNpgAT-LIibTIi3Fzlv3Ocor5kDlqDcHLCO7gL3nefEVwKxVh32wCn62mqCl5L3-H3DzPrLRiRtTiqgXDvRzUrOMbNzwN4FfkRzgozkKNuJ-1h8gLW14etfpqc1UuUes6TT9V7TVbseMe9B_1kAP5_qXW79FAOi1US6y1t27-efSj5K4XJpfMXQmxsfloQnsN51AT-y5FFhfNbMeovHDMBKalo35_52bR7sP8iEA_6_7C9sk3VeofQkt-f32kbvQ_8F5LhD3ZnfE2QIW3LsTupYM_2OPegtizjbAywniHPsMgOBWa-qaCesLvafUWmCl32gPq_XxX289sbB332cQWLMG1GqOyXHTd13CiD6vnyA7Od5H3lUHqD1Rk6MXTerOqB_Dyryl3wDpIKe8s0mJQ5opyz1Ax6k9I6EOYtL--kUbivVfBWBKiPAkouY0K_VfmPzSctXKdveyFELvSYB7bbxpm0yMKO9SyOL3W_TuZSWVAHnYtm5Fjp3RvJQNNpbv_3cYoQWGfWlr53oC8kxbnKMMiggTJzdeD4nnsE5CoUyeGhJFx5WDlUE0pY5KUWDnHpXxu3ICZjlxaK-aBSbV_ByPTtSeRncWeEmyMthgSqdB7P3xZvNJrwIK6Q79dvFVyRywfcmuudlwbhIfR-vjW1_JKBSMov0P3eSYrQIz7HQ0YYficCEONVtPRLZ6DV7aRVdmDugv41TkZ97PfHw8aS_2sf5nNJ5-9QJvfdqjWLcAiM4cJKLxM6_HC9wUQJjE2H4D72TJbo=','SOFAYYB1311AFE89C4',871940853,'admin');
INSERT INTO `codestringinfo` VALUES ('eJwllYmRJTEIQ1Myxhfh4KPzD2Ge_tRWsf0FFkZgprRXS2nvYL5RSrcik5haZXD0JkeXGcLmzzxMKDjkSJ3YcpwmI-8T9mFGARtiHrYwVV_-M_I2YaIfYh5LjkXeETIph0jHlfcKezrxYWaBYBqOWQmZIp1O8tmIm13eAcGcChbzjJ-RN2W2HEdxop9PZz_M4l9ZuvOSGkv0y6FaTVivMnJMYWJeS18hR8gh-nXE8nRW6i4xh_iicyKkRAz9nE1GXnFFyrEhiKufH95ExpK6UKop2YSJIOfPCAuCM2XUijxgu_C1DeYtsXfn2J6w7CWHdN6SeG95j7Cr4E8hkvgo5THiTsVxXF-aiKPyz4Dv6OJHlZ-tn0deyXk0AkeVH1V-pem1JgOLIsp1_RTplSS3K0RUN38GgivSq6vpZuV-BD8N0tPZJyGehHhS8kmIRysoeXKxqLbmss9q-hqAdnYuHfcz60uvDOcHaP3Sbj-1rk5Pm-deCQjLy1dRa9oHWO9aduaxXTdZEb-Nk7TJfRmgmVE3pPO01tyZAbIDRqsO6C9rByTNlyua35k2Ecre19_q9mkq74SLUn5VtHG_Ql7x7PKdPcSDah8gnTvevlN3q-9DVN95AYvKfIBpKnNzhVxtJ_laG4CDfNeMemMrX7GVgJxvPFFmfa93i5Hi5vNdXu4BWCWN6p3UC2heTfXWiHbWVIk5OrIOtw-QFWALvWqnzDOc_DGoHV7q7TTA4b3TrR8S6rUdVgxqsgUAC1EFsLqkWsV2rAtIAeMNb9V6i9hR6rd6r4PnVvazn8S-KpIFuq_nHo1Vc3z5ed0CZV_5POpocwHiD4HocN5grDPooQdwzV4Mxjdasj5ICGjaOr2X2plArgVFzLDf1JfXX-W1UITTl8WSUX_yAvr--H83G_d99Aeqvuf-fPhjC16OoAy6GXV_iDgu2xaedjqnemkWAiE2ducxZ_xOY8C-dplJeBAKKx6E-t0HHur8v4-RUe-47tWoyGc5-cyt3CtQr9vnLIoSWGMTRbx9ObhXpd08q83Yr8WTqMySZWWObjBgw2dfewDuuHdUbnDGm7OXMfwD9DEtFvPKEMUZPCG-NqtfWz1572HBLqpsuNposfEiA5DOTpZqU54lMH956NdNFulVH3wkkxf0gQ3TjwaR84wTYP3-Z4x69ofPaiRPAHG_lkP1MJ9UW8c2vU1WdKBrMgG1j7G5_2uHve1MFGVApT1Ig7JPgYe9F4D6CwRol20EWN2m_qb9Aa3G2wA=','SOCVAVE13732EF9C81',2026593640,'admin');
INSERT INTO `codestringinfo` VALUES ('eJwtlNmhZCEIRFNS8LqEoyL5hzCn-s1HY98CsVhLe1bKVzvCJsKbxEY0YU3_vosYspsSW4oj4yttCAv9e68UdIgK1uWqy0v_MO4dkz5w1be0V1o56CGT1GdiNwrYqLgaJtExHgOTMaVdEhsv40or9iMRs-JgGnZT7GfDZHZhA0K6WubSp9jPoxsKYV6JQKyCv-VFArsl4kuc18TVWhJHJiK-FPQS3S2629DuhnbryS26e0psaY_ElQkWZYvuKdgdcT7ifBquTkd9hoSiPFvaK634ncTBFclb8XetSQhr-LsfdrdLiO7VS_dK8WSXPwEWuCghB2ESylWIuIpQQkXWYyUW36E8h9IUYh-BUATlVQnH5ClNTzV6Iv7mKzX8Ut1BKKNlPXaaRYTXajsAudbaBjwtJqDvukO-crzZT_N-PXJXjxYHsC7LDxD73k7o3g5Ay9jBB_dPco9v7mc4L-fg_q5xAX_4GMXH-8PHw_0PjyTdtQsfz-18B1wF39GfzWcdsGTdPte0tglsPr9v2cwqXr4ZkEHRz331lPrWMhdZQPPzi8BLzkcE3vP688MZJ_G6KmfntN4GJ-Vra1UKRcy_-Nzjdg8_2W6WjyF5GZX6fSech5o31T1nfIAUAP8f_fbRmUn-SLiqkimQ-8UTcL7KQCZ1Iq6ve_fRKBx3Y1In-zxnEjlkWj73bDD8CGORtLaYAH8jm2faAKSkmZf5qNMiAUlhByz5wbtqvjz6L9_FAE3htyIGCj9KbeT1V7fyARIEjVYb-SvUpxDnfDxpNmd0P-RtbmU5k-3C0lo3M5S3aQMQcm7_Sa57J_Ywf4NhI8-c1r4CSIBtaQKZmAXI1iKn1oweYX1ooSwaqrLXvgLIrw5WiN-B94_moAkuTxZbdMYwY-fsrj6Z7BEjnmXbfn3OtG5C2gqS_mHXHt6jRnqlkzlAn5dk6eM85_TxdcvJMIyIbx7F8-X4fnFljL_zDaNpdWqs3-F84a2f7XU5T1cWye3tBSHYI3u-JnGxk3plcAH7q5O9-g9D35H3','SOTEDCS1371B90A4B6',3729505638,'admin');
INSERT INTO `codestringinfo` VALUES ('eJwtlomR5TAIRFOyTkQ4kkD5hzCv_27VL8ZuIY7m8Hw96_f1hxjfQpQukYim166DrtcxEVOnU68m4cK2VPZFHL1evd6NCBl4uvFQnjI_i0TldMr8HBLc-qb9hPQWN6ZXCekdvR4dyOgMHaSUE5fzYcA-DqxwYFWvjVPrXQJFkw-bOjU82dLpEuY_IZWtA0VvMm8he-LFUk9KQbe-VVBZ8rHkY3W9dlTWqBJ6mjo13VjCFuaXaFpOuGtLRY6WaFpXyiHlkJ4yWsrIvyrBqxduuAjzhorLpY9PQnpDmFy6SVneXKy5HLkcuahzUeeh15R4MiBHW2lt_dlytCtWdhcmH1uWtxjbSwfeJbC3ZX4fYSG91MHPnip9ZO9UsNOqBC6PSnEGN45KcaaeFPNZOvVP4vckTCGcI72D0SOajupxFPgVObfoqaB8Rc5tEirFVZ9e9dRVFa666YoSUYAgjCtKrip9QwYS8_fxFGI81KKh6EOBhxopFH2I7NAEhHE31k8IU8yhHgqFG_IU4iU0AaHZiqdTkZNfl9CTGE81UnYMpAqaIqffRxKvvF1ai1GzW65-a3_HAWtd9EL2enJtwO-tDbpKjZaA9UY__a1a9mkD8Mw1941SbwZlrgz0AWx2Vhn1tjkik6G_PdxMR1YAW8kktf5Vu3bOLHDir2SBHBrU2mDAvPb6LDpgsXrija_4Zf6fETqGrFZiHMNvaZvAY5BCTwJv71g6hcvzMkh2ZNvvnYYRW3nIC8uQvrIl4NdWbYyHUv6Bu3m7bbVdciXg-HLZbtwrHbB6ZWTGV-mLzr12xvmB6MW8vQ7qCljv9A5Y8zuFvifeswCp9XJAKtGG4uUHRbNNvw5YW41ttRe3dc90dsQkhdourQpYyKCxaCpkXoEsxB7nw47bLK2Wch2wNlsdOy2SNVDKV_ojDWvPWcIgx1_20uFtpj0Y2_B2XHlvp_KWyntjx9_ZhZnEjmV7FIQqt9kePRlQFus91a2q_Nhh9SxRmfsAfgN873InBC7ibUaLjjLgJy4R7zE2beGlp49Zy5l9tF3nXTMckoofwNYj-py3lB3NBm15Ols8SrD5gv5rh3UMEWzh1Ii4lwQk1To724bOt-Wub8Q18n_7K-sV9JkDPiFWi0D6edyFPmkcQOpeVU3io-6bOb6zMwfM9lTQlYZpwSKT33VfGVd-dzEbBkhII4Lvl8NOmAzSqEFcYzUaFZe_ufzFcWKwFP_FAQUbkEQ7E7m0cw68fOVSY-bvYR0QvqkDK4uC7fOMrmWe9qbOtjVP1V6OXM3v9UedqYHATxMHqJHky6K5Du9ZfnN95qDPfnPdjK4GhAcm6GgRMTcWVKUZICRSFUCW9xS4dpLCqnOzNn51931YKZPY9tx8NfxQ99ZnNUDyhFO_lXZNSso-cKJQ_KwB-BuN-LUkrvf361PujcYPP-zIt8BxziiquZRyqmh8Vf0CPl9jcaXwFZllViZqHobgUgfANlqjDpqf6Jf6BTwBctngqX-Z1QAhph3FyRbMy2ar5tqCVaElq6_4-u2vknwn6v_9VpwP7m-_8e_AD-RzSonwxxdrCiSPWIDXyAOeUzUkKMYcnuwPxcpkMg==','SOOZYVC12E8241D995',3221197960,'');
INSERT INTO `codestringinfo` VALUES ('eJwtltuVBCEIRFNqwWc4KpJ_CHtrzv4wdqk0FFA9X332ffV1TO7va2ViTMY_Ga1aldHuEDb1OPW4uNa2yVxM6DG0ktOWGBBMAesm41WGu72x1Tvu-xA2tJq6sXRj6fB-mKvdqxuhR0XaFen4qoxWinmYyWilmEf7ZLTbZeR-DByMKbN0V-8YR-euMAU-5H4q5qmfKc9TnqecTufcrFtGqybTcTWHjgxtiJepFKbImVvm6MiVg9DGY7UU-JLnZRxZ_jNEsCqHV9NG0zkxvoZ2h3anzNLdLaPo19HulQndFffr6ZwKsJXMVjL7I9xdZKzKsLVVil21q3psEbaV0R4_o0fRsdfP6K4qvY82xNoO3VVGO3FwPnZP4b1HuR1ldETYkeejUhxV4aiHjqpw1D5HeZz7M9pVKc7TYaVwEvdXrXSVwlX0102GI7dqpXJfEXY7d6_KfafM1uGjlRrphg4_HRZDVzGHYo6Cq1CLhkoRavkQEaEChAoQKkCoviFSQwUI0R7q-3g6rJjl_Xvi-cnfU5BPHDzF9zqHn_rlEV-pdU_V745WbJvd7iVqtdNOmXd8OXb02y2HxzvNMyEnR0lWL4e1M25m-h6rR3pZ9tZrB5Z7PZtz1SKW-aK_ASnQq4Depl1Ar07w5yt548s2Cy9MQG-XnbyfeQxAu_nNbLcQl1_z0ksnrnQpQTvNNLCA1vfaMOa30KB9-RvJlNNrlitvKauQ7xv46RWYpuzRVvk4MAEdsjYUm5X7pu3S5pzD9ds6YLm1dR7IfhR-kZvMuJVXlzEyy4Dk2oJRaLmIx81GG0_u71xhOXEPePMIhP_jj_56KB-gl-0T0CukoxS-a5QDWPMtQF4ZnrtSp4aWJfdOYVC9IxCAX67QnJlvUkfPlsY915dMGWDZAX0ME74O19V98QN_tSAPT9o7qFKbeVc5ny9A6kVfv-rPogvMlvOQP56D9PTKClhauEAarw00qqykuC3goQ91_EOIFsIA1ROQvtuhc4hyob9EsPrOrNUhcJe5WrnW_M1u1NkW34lio665-US8CqndaGRfgIYwNEDziiiUWkqfASh_DRa5IH90jzO81lTXKRZXaQJLHVYbzWmNt67iZ3K-qt_fA-SZfj_Ten0PEGgtQKYNve2VVIcuF-WPPDsJ_vK3dh3QoQdJvcVO8uVrhhDtDMJCxAAZEXhBLqAgpBOLlrjMDfyOC7ir-E2LRBI14hU925UGJn8GkNml4rWEivFRlzpqRvWhOob7vKE6lnKeA4qXnpNRXOKF6TwIBHFt6ElSa28L5FwMpJepI_72aKJ2fvWgiZh8W53Dl6lxNBzdMj7VjwGg8RapM8VVd9xPMh3po91H59hdEcMPc3RsjMZ8lNEhfhAIoNfbcgNOSCq_OaJD6-V3z0XlbjJPzJFG921z_hJEZY4M9UQXoOhOQGTFp6tNEBR4Rc8agkKx34lAwVssEh6ILO-vv25ul7rx4V_fL85j06rm1vg3YGMzt1clWG__zy0g7fubW_BRACUVUz0t_QBEN376wRLdYPNdl5ignwwKc1DXW_nuH59wTxg=','SOIQFIE132989C792C',4007650025,'admin');
INSERT INTO `codestringinfo` VALUES ('eJx1VFu2JCEI25KCD1wOKO5_CZNYPfM3fe4FDRqpgJaWUkpLL6UXoUmY2mCEI2Wgcdo3zOQSM5hFbBGLQcPFm4vJ15PTi3WDfEOADcXi0TkaDOC_jIW9wxnYDBwGLgITG8us4JuKwGwcdVDNiXOnceocBRcHp4ej5LYLPiOB8TtMEDUMinViQ2hAxc8otp7B0IKBzdFh9GLLKqBaFdsWP2EpoqshumahAfMizVqMOkcUYpFlHRBgAQwJnAQu4PPGaUfIKaeTwKmkB3dsjiiEJ_dSxKCIIdgWWmiwJKhkkCUoZUwuoZxBOYNyxmGUcu4C5l0R2MoRCTbT2JOGcm7uZQHL3qDaB0sO9TvU73DHYRUORTyDU4p6KN3ZxN4OqsYOKKnAcrQiRwP9cdVPtNy11MgYRwU9Mq4fuTXCaohm7JEpWe36rfBhQ2EvfGJu4yb8aOEAq07InoZ5OzgIfi2AEgM45hZ-HAnkcMGJdS5FiUJ192w54PcFWFz3xQRe7P78dq11PC-ttG7wmqsQfPm1ovgo5oejdh0vr7UAPg9T9_n8XFPH8z37Pp-fC5_w1497JpZWeJTLdVl_XixHVbUvn87CuKp4nwSzbl99P52mOHifTo-X-Rz78TZ8fFxpHfkc6oWO_ptf66Wdlx9Sr4r8qEuFpNgCXQAyP-jyv_zE16eTXvf28rObADW3u96nVyC_nk8vtejTs-IZSDk9tbeKzEPmPB1gFVyd25uINAOIfMxwv-rKfQEipTHj1WnXvvKrGx6uX9307E-vLXeWV7-Jq7C_-m35Vz_78ik6Uv3Vr5ywfH0FUNd6fVUTHdR1arRp-kqcB-DTaUZ7fQQQf6-PoBPwl9-y-csLOpVoX36GK_HqaLyy4Me7yYflFnSK2HspAfJ-INMigR-eM2z0xI_nJUDFm3HZB-gAx3kqeAzDXz9DKsG9gy4yZddorM9aUXjvjvkYuIdlxwAoywtBnOd4ScCWARq8VzgEJyof_M-jz0X-AESplps=','SOEUALM1373265C9A2',1143546287,'admin');
INSERT INTO `codestringinfo` VALUES ('eJx1llsSZCkIRLd0wSfL8cX-lzAna6J_OqJ_KEXENBO59dXn31ffxCSj9nWMVZmFcU3LJ6Np07RrNGSmdsyDCRK0pdHWaGt0ZK523Id5TJnIaOTE9VJlWO1NIy132T5-RgtTccFBfcmn9P0q7oKgP_kS31Du8bFjCPjwKsNBo8rXNOouo-nQDqEfQq-7YLSwtW1rdJTlapqYqfTTXIYdU-hn0bRq1DQS8Dk0UvoZJJjCPJV5bk2PUh1Nr0KeRokJAQ9lDtdImUO8hHiJrgU2fBE_I99SyMIZghuCG1e-pxAJGolvKfNS5iUtV9GouowWmkI6-db4ZNi2phZEydqKE-NLwJcEXaqXpVLZ0nJLy21kVixG06Jp1bRq1Mi3VTR74NwSdEvQHQrWvq0r7KPgK594OWL8iPEjQY8YP6rEo_TC8532M1qQtEc0Hal6xNBROR6hF-7viBxRj5FP5NxPRtV-lf6qHK8K_VYZcX-F_natCv0d5LoTBFdSqAYxmuoeV3V_VZ1XNF1VzpMAmmFYfUL_JMCTAE_on9A_MfRU9w-GyrU1a5lltax9GbS9GNcKWx9OvyUDpzXfNV8tbbe6boHU229zy-ZvtF3iUMQ7-H0Dp4p7MCnl2Ms4DuGJE_ZXDooDaRPnZ-b77ONlfLWutPfmPWYcPfYqw2Z70d4r2bqN1Sxe3sY7WNbHzvbD3-KV1__gz9jXvkyX8-NqiTjsg59Mq6OPWSbvs9nFuYOfOqwRzxpxbZwdQO0jWtoIe8T5l431XZKEd_BwLBE54eXMkYW4VrebTeKaeOn9F_f6uDGTp5sR2Sl9t_HD5XF-9wDXGn_rUDhWOjgPoXLvwktzsKLHo40szkGPH3762i0_HdrMf-qw4o8Ob3EPvwsdVvjpPBl0yLVtXeUtb50O771Qu-DvRl5LdsdsQB25n3jyuPmKF_j84T8TnqzPrMOFpy2chQ5-W5_lzAPHDf7ScX7F8-SZqMjbyeLuDZT-7Zwz-ihzez73D7JcAat9Lafq50W1QZdxOcHmc27di2_GclyLo-fH7ugUApTvJK7vcSdbymnrZvc6TuL8SgvLcqTD7XUUq9KBz9M4Ege-Lagaq9T_6cMbQKh_zokeFcE_zqG72atVIJ0qD_uoa6Ca-KGunaNSDFjp0TYMAPqu1tPvBTTfHW429A1Cl4OT7QVdfr2i4rQopVLW0qMe3l8P9KAMCV3UE1Dpej2M9zU7rYGTEid8f1XtAibOQQ4kqarXNUnMxAb9gOPuOu2uSbLRt_FFez3ARofibaPvgBScPpPktxY_qyROuNs4S33o6egAYumZfKVxwte-oll8oUwx__HlNU7d8FVb-DAHqlmvUUzvoCJ2Of-_52M14c0RT_8Qur5A6F353zBc7yWMe1Nm5GUfVDX0_qKWPtswIMsJLmqKdk3HPTj5zHGf_cEfnyvuQ2MbFSf3obFdu437FOrGRoMvapCucxtdlbfT1Z8op7N_96GZlme_-zjvd3IfGuiK8bhT1FxLdU_lEMXfHw7gzrX-xKGjISv1NbjGj89mp7F0icN5V6bOnxNdkmrI5TjtUgQ08P8AvEdqnA==','SOBTNCE1373936A876',122472193,'admin');


#
# Table structure for table genreinfo
#

CREATE TABLE `genreinfo` (
  `genreid` varchar(25) NOT NULL default '',
  `genrename` varchar(25) default NULL,
  PRIMARY KEY  (`genreid`)
) ENGINE=InnoDB DEFAULT CHARSET=latin1;

#
# Dumping data for table genreinfo
#



#
# Table structure for table logininfo
#

CREATE TABLE `logininfo` (
  `id` int(11) NOT NULL auto_increment,
  `username` varchar(11) default NULL,
  `password` varchar(255) default NULL,
  PRIMARY KEY  (`id`)
) ENGINE=InnoDB DEFAULT CHARSET=latin1;

#
# Dumping data for table logininfo
#

INSERT INTO `logininfo` VALUES (1,'admin','admin');


#
# Table structure for table registerinfo
#

CREATE TABLE `registerinfo` (
  `username` varchar(50) default NULL,
  `name` varchar(50) default NULL,
  `email` varchar(200) default NULL,
  `phone` varchar(12) default NULL
) ENGINE=InnoDB DEFAULT CHARSET=latin1;

#
# Dumping data for table registerinfo
#



#
# Table structure for table trackgenreinfo
#

CREATE TABLE `trackgenreinfo` (
  `trackid` varchar(25) NOT NULL default '',
  `genreid` varchar(25) default NULL,
  PRIMARY KEY  (`trackid`)
) ENGINE=InnoDB DEFAULT CHARSET=latin1;

#
# Dumping data for table trackgenreinfo
#



#
# Table structure for table trackinfo
#

CREATE TABLE `trackinfo` (
  `trackid` varchar(200) NOT NULL,
  `artistid` varchar(200) default NULL,
  `genreid` varchar(200) default NULL,
  `title` varchar(200) default NULL,
  `duration` varchar(200) default NULL,
  `bitrate` varchar(200) default NULL
) ENGINE=InnoDB DEFAULT CHARSET=latin1;

#
# Dumping data for table trackinfo
#

INSERT INTO `trackinfo` VALUES ('SOEUALM1373265C9A2','ARV3CRH1187B9A1B21','','BOULEVARD OF BROKEN DREAMS (Clean Edit)','04:20','245');
INSERT INTO `trackinfo` VALUES ('SOFIIHC1311AFE4BA8','ARV3CRH1187B9A1B21','','Boulevard Of Broken Dreams - Single Album Version','04:18','128');
INSERT INTO `trackinfo` VALUES ('SOCVAVE13732EF9C81','ARV3CRH1187B9A1B21','','Minority (Radio Version)','02:49','128');
INSERT INTO `trackinfo` VALUES ('SOTEDCS1371B90A4B6','ARV3CRH1187B9A1B21','','Wake Me Up When September Ends','04:45','192');
INSERT INTO `trackinfo` VALUES ('pihipoikb','asasadas',NULL,'asdsbsfdfj','04:48','192');
INSERT INTO `trackinfo` VALUES ('jutkjhnvgn','asdassdvsd',NULL,'lvnhhsdn','04:59','245');
INSERT INTO `trackinfo` VALUES ('SOWOEOK12A6701F41F','ARBEOHF1187B9B044D','','Die Another Day','03:34','128');
INSERT INTO `trackinfo` VALUES ('SOFAYYB1311AFE89C4','AR1DLF21187FB3CBF0','','Measure Of A Man','04:04','128');
INSERT INTO `trackinfo` VALUES ('SOBTNCE1373936A876','AR23C041187FB4D534','','IN DA CLUB (Clean)/(LYRICS!)/(CONTENT!)','03:13','128');
INSERT INTO `trackinfo` VALUES ('SOOZYVC12E8241D995','AR23C041187FB4D534','','Patiently Waiting (Album Version (Explicit))','04:49','128');
INSERT INTO `trackinfo` VALUES ('SORDKAX13C1BB5EFD6','AR61DVS1187B99F765','','Thattum Muttum','05:12','224');
INSERT INTO `trackinfo` VALUES ('SOLMLVI13D6ED9E7D4','ARCHO5Y1187FB5001F','','It\'s My Life','04:03','160');
INSERT INTO `trackinfo` VALUES ('SOIQFIE132989C792C','ARYWAWN11A348EF973','','Kathaigal Pesum','05:24','211');
INSERT INTO `trackinfo` VALUES ('SOJUBCV130516DFE70','ARUT64P1187FB407CC','','Khudaya Ve Ishq Hai Kaisa','05:22','128');


#
# Table structure for table userplaylistinfo
#

CREATE TABLE `userplaylistinfo` (
  `trackid` varchar(200) NOT NULL default '',
  `username` varchar(200) NOT NULL default '',
  `count` int(11) default NULL
) ENGINE=InnoDB DEFAULT CHARSET=latin1;

#
# Dumping data for table userplaylistinfo
#

INSERT INTO `userplaylistinfo` VALUES ('SOCVAVE13732EF9C81','admin',2);
INSERT INTO `userplaylistinfo` VALUES ('SOEUALM1373265C9A2','admin',5);
INSERT INTO `userplaylistinfo` VALUES ('SOFIIHC1311AFE4BA8','admin',1);
INSERT INTO `userplaylistinfo` VALUES ('SOTEDCS1371B90A4B6','admin',1);
INSERT INTO `userplaylistinfo` VALUES ('SOCVAVE13732EF9C81','user',2);
INSERT INTO `userplaylistinfo` VALUES ('SOCVAVE13732EF9C81','reghu',3);
INSERT INTO `userplaylistinfo` VALUES ('pihipoikb','user',5);
INSERT INTO `userplaylistinfo` VALUES ('jutkjhnvgn','reghu',4);
INSERT INTO `userplaylistinfo` VALUES ('SOWOEOK12A6701F41F','admin',1);
INSERT INTO `userplaylistinfo` VALUES ('SOFAYYB1311AFE89C4','admin',1);
INSERT INTO `userplaylistinfo` VALUES ('SOBTNCE1373936A876','admin',1);
INSERT INTO `userplaylistinfo` VALUES ('SOEUALM1373265C9A2','',1);
INSERT INTO `userplaylistinfo` VALUES ('SOOZYVC12E8241D995','',1);
INSERT INTO `userplaylistinfo` VALUES ('SOEUALM1373265C9A2','',1);
INSERT INTO `userplaylistinfo` VALUES ('SORDKAX13C1BB5EFD6','',1);
INSERT INTO `userplaylistinfo` VALUES ('SOLMLVI13D6ED9E7D4','admin',1);
INSERT INTO `userplaylistinfo` VALUES ('SOIQFIE132989C792C','admin',1);
INSERT INTO `userplaylistinfo` VALUES ('SOJUBCV130516DFE70','admin',1);

/*!40101 SET CHARACTER_SET_CLIENT=@OLD_CHARACTER_SET_CLIENT */;
/*!40101 SET CHARACTER_SET_RESULTS=@OLD_CHARACTER_SET_RESULTS */;
/*!40101 SET COLLATION_CONNECTION=@OLD_COLLATION_CONNECTION */;
